Time,State,Repeat,Weight,Angle,Current
12:39.9,Stop,0,-390.46,179.75,123.74
12:40.0,Ready,0,-388.49,179.78,112.98
12:40.1,Ready,0,-386.32,179.78,121.05
12:40.3,Ready,0,-404.49,179.75,121.05
12:40.4,Ready,0,-436.18,179.78,115.67
12:40.5,Ready,0,-428.42,179.78,115.67
12:40.6,Ready,0,-438.95,179.78,121.05
12:40.7,Ready,0,-373.84,179.78,118.36
12:40.8,Ready,0,-385.73,179.78,121.05
12:40.9,Ready,0,-395.56,179.78,118.36
12:41.1,Ready,0,-399.05,179.78,121.05
12:41.2,Ready,0,-401.96,179.78,118.36
12:41.3,Ready,0,-405.55,179.78,131.81
12:41.4,Ready,0,-399.41,179.78,118.36
12:41.6,Ready,0,-396.61,179.78,123.74
12:41.7,Ready,0,-396.86,179.75,115.67
12:41.8,Ready,0,-398.44,179.78,118.36
12:41.9,Ready,0,-396.97,179.78,123.74
12:42.0,Ready,0,-394.75,179.75,112.98
12:42.2,Ready,0,-389.81,179.78,115.67
12:42.3,Ready,0,-388.85,179.75,115.67
12:42.4,Ready,0,-387.9,179.75,118.36
12:42.5,Ready,0,-387.94,179.78,118.36
12:42.6,Ready,0,-388.48,179.78,121.05
12:42.8,Ready,0,-387.52,179.78,137.19
12:42.9,Ready,0,-386.71,179.78,131.81
12:43.0,Ready,0,-384.91,179.78,118.36
12:43.1,Ready,0,-384.01,179.78,118.36
12:43.2,Ready,0,-382.53,179.78,112.98
12:43.3,Ready,0,-382.16,179.78,131.81
12:43.5,Ready,0,-383.08,179.78,112.98
12:43.6,Flexion,1,-386.04,179.75,-190.99
12:43.7,Flexion,1,-384.73,176.73,-26.9
12:43.8,Flexion,1,-305.65,173.37,-69.94
12:44.0,Flexion,1,-227.83,170.11,-153.33
12:44.1,Flexion,1,-173.39,166.86,-260.93
12:44.2,Flexion,1,-97.9,163.61,-145.26
12:44.3,Flexion,1,-68.3,160.33,-126.43
12:44.4,Flexion,1,-48.65,157.02,-102.22
12:44.6,Flexion,1,-61.54,153.77,-677.88
12:44.7,Flexion,1,-65.1,150.46,-234.03
12:44.8,Flexion,1,-70.81,147.14,-572.97
12:44.9,Flexion,1,-94.89,143.83,-250.17
12:45.0,Flexion,1,-96.02,140.52,-102.22
12:45.2,Flexion,1,-104.05,137.18,-260.93
12:45.3,Flexion,1,-100.46,133.9,-67.25
12:45.4,Flexion,1,-108.9,130.59,-260.93
12:45.5,Flexion,1,-107.45,127.22,-75.32
12:45.6,Flexion,1,-104.8,123.91,-131.81
12:45.8,Flexion,1,-107.09,120.63,-51.11
12:45.9,Flexion,1,-86.76,117.35,-99.53
12:46.0,Flexion,1,-65.33,114.07,-121.05
12:46.1,Flexion,1,-61.17,110.7,-123.74
12:46.2,Flexion,1,-117.09,107.51,-147.95
12:46.4,Flexion,1,-113.42,104.22,-110.29
12:46.5,Flexion,1,-100.29,100.94,-497.65
12:46.6,Flexion,1,-56.86,97.69,-96.84
12:46.7,Flexion,1,-23.04,94.47,-182.92
12:46.8,Flexion,1,-8.98,91.25,-225.96
12:47.0,Flexion,1,26.84,87.99,-177.54
12:47.1,Flexion,1,66.85,84.74,-215.2
12:47.2,Flexion,1,104.73,81.55,-255.55
12:47.3,Flexion,1,205.1,78.27,-263.62
12:47.4,Flexion,1,242.45,75.02,-306.66
12:47.6,Flexion,1,282.09,71.73,-395.43
12:47.7,Flexion,1,375.9,68.51,-508.41
12:47.8,Flexion,1,433.06,65.26,-400.81
12:47.9,Flexion,1,503.41,64.32,-182.92
12:48.0,Flexion,1,514.68,64.29,-166.78
12:48.2,Flexion,1,442.96,64.29,-182.92
12:48.3,Flexion,1,409.9,64.29,-177.54
12:48.4,Flexion,1,405.63,64.32,-169.47
12:48.5,Flexion,1,400.74,64.29,-169.47
12:48.6,Flexion,1,399.35,64.32,-172.16
12:48.8,Flexion,1,396.94,64.32,-164.09
12:48.9,Flexion,1,396.23,64.32,-180.23
12:49.0,Flexion,1,400.3,64.29,-172.16
12:49.1,Flexion,1,400.84,64.29,-180.23
12:49.2,Flexion,1,395.42,64.32,-182.92
12:49.3,Flexion,1,355.4,64.32,-188.3
12:49.5,Flexion,1,347.91,64.29,-182.92
12:49.6,Extension,1,351.63,64.32,720.92
12:49.7,Extension,1,363.56,67.19,-570.28
12:49.8,Extension,1,282.87,70.53,48.42
12:50.0,Extension,1,105.75,73.81,-704.78
12:50.1,Extension,1,-24.9,77.07,-10.76
12:50.2,Extension,1,-64.08,80.29,209.82
12:50.3,Extension,1,-133.54,83.54,228.65
12:50.4,Extension,1,-271.41,86.73,285.14
12:50.5,Extension,1,-329.38,90.02,371.22
12:50.7,Extension,1,-408.54,93.27,131.81
12:50.8,Extension,1,-424.56,96.58,301.28
12:50.9,Extension,1,-423.94,99.83,500.34
12:51.1,Extension,1,-411.03,103.05,739.75
12:51.2,Extension,1,-420.38,106.36,-112.98
12:51.3,Extension,1,-434.53,109.62,347.01
12:51.4,Extension,1,-482.34,112.87,341.63
12:51.5,Extension,1,-493.94,116.15,403.5
12:51.6,Extension,1,-507.77,119.46,403.5
12:51.8,Extension,1,-552.42,122.77,371.22
12:51.9,Extension,1,-561.38,126.08,303.97
12:52.0,Extension,1,-563.04,129.45,392.74
12:52.1,Extension,1,-558.99,132.73,422.33
12:52.2,Extension,1,-562.02,136.07,231.34
12:52.4,Extension,1,-566.6,139.41,250.17
12:52.5,Extension,1,-555.99,142.75,355.08
12:52.6,Extension,1,-548.29,146.06,376.6
12:52.7,Extension,1,-561.32,149.37,-78.01
12:52.9,Extension,1,-564.03,152.71,357.77
12:53.0,Extension,1,-554.47,155.99,355.08
12:53.1,Extension,1,-539.89,159.33,333.56
12:53.2,Extension,1,-510.41,162.7,492.27
12:53.3,Extension,1,-468.8,166.01,277.07
12:53.5,Extension,1,-386.08,169.32,330.87
12:53.6,Extension,1,-363.96,172.6,306.66
12:53.7,Extension,1,-374.02,175.88,314.73
12:53.8,Extension,1,-422.87,179.14,815.07
12:53.9,Extension,1,-469.29,179.78,115.67
12:54.0,Extension,1,-503.1,179.78,115.67
12:54.3,Extension,1,-495.95,179.78,115.67
12:54.4,Extension,1,-497.48,179.78,115.67
12:54.5,Extension,1,-488.72,179.78,121.05
12:54.6,Extension,1,-481.37,179.78,126.43
12:54.8,Extension,1,-474.28,179.78,115.67
12:54.9,Extension,1,-470.41,179.78,134.5
12:55.0,Extension,1,-469.37,179.78,118.36
12:55.1,Extension,1,-464.84,179.75,121.05
12:55.3,Extension,1,-464.27,179.78,118.36
12:55.4,Extension,1,-463.72,179.78,115.67
12:55.5,Extension,1,-465.41,179.75,110.29
12:55.6,Flexion,2,-465.99,179.75,174.85
12:55.7,Flexion,2,-467.09,176.65,134.5
12:55.9,Flexion,2,-405.63,173.34,-239.41
12:56.0,Flexion,2,-331.83,170.05,-32.28
12:56.1,Flexion,2,-277.16,166.77,-266.31
12:56.2,Flexion,2,-250,163.49,-40.35
12:56.3,Flexion,2,-263.51,160.18,-53.8
12:56.5,Flexion,2,-272.89,156.9,-287.83
12:56.6,Flexion,2,-272,153.62,-26.9
12:56.7,Flexion,2,-279.53,150.31,-182.92
12:56.8,Flexion,2,-310.43,147,-64.56
12:56.9,Flexion,2,-315.71,143.69,-156.02
12:57.1,Flexion,2,-316.08,140.35,-123.74
12:57.2,Flexion,2,-308.67,137.07,-96.84
12:57.3,Flexion,2,-302.82,133.76,-75.32
12:57.4,Flexion,2,-301.14,130.45,-96.84
12:57.5,Flexion,2,-298.82,127.13,-37.66
12:57.7,Flexion,2,-287.23,123.82,-244.79
12:57.8,Flexion,2,-265.22,120.57,-26.9
12:57.9,Flexion,2,-202.95,117.26,-64.56
12:58.0,Flexion,2,-170.71,114.01,-83.39
12:58.2,Flexion,2,-135.43,110.7,-201.75
12:58.3,Flexion,2,-102.69,107.48,-34.97
12:58.4,Flexion,2,-102.19,104.2,-147.95
12:58.5,Flexion,2,-79.88,100.94,-131.81
12:58.6,Flexion,2,-36.24,97.69,-505.72
12:58.7,Flexion,2,-3.68,94.47,-139.88
12:58.9,Flexion,2,17.76,91.19,-204.44
12:59.0,Flexion,2,27.98,87.96,-166.78
12:59.1,Flexion,2,52.72,84.71,-355.08
12:59.2,Flexion,2,117.98,81.49,-204.44
12:59.3,Flexion,2,148.67,78.21,-416.95
12:59.5,Flexion,2,175.65,74.93,-720.92
12:59.6,Flexion,2,252.59,71.65,-484.2
12:59.7,Flexion,2,272.16,68.42,-454.61
12:59.8,Flexion,2,326.41,65.11,-400.81
13:00.0,Flexion,2,413.94,64.15,-102.22
13:00.1,Flexion,2,379.29,64.18,-96.84
13:00.2,Flexion,2,293.63,64.18,-91.46
13:00.3,Flexion,2,256.84,64.18,-99.53
13:00.4,Flexion,2,254.69,64.18,-99.53
13:00.5,Flexion,2,251.24,64.18,-99.53
13:00.7,Flexion,2,235.29,64.18,-99.53
13:00.8,Flexion,2,215.66,64.18,-86.08
13:00.9,Flexion,2,201.57,64.15,-96.84
13:01.0,Flexion,2,172.1,64.18,-99.53
13:01.1,Flexion,2,178.89,64.18,-88.77
13:01.3,Flexion,2,191.29,64.18,-96.84
13:01.4,Flexion,2,240.42,64.18,-96.84
13:01.5,Flexion,2,278.1,64.18,-104.91
13:01.6,Flexion,2,310.72,64.15,-91.46
13:01.8,Extension,2,365.52,64.18,903.84
13:01.9,Extension,2,385.84,67.22,-45.73
13:02.0,Extension,2,186.67,70.53,94.15
13:02.1,Extension,2,53.34,73.84,-696.71
13:02.2,Extension,2,19.24,77.1,204.44
13:02.4,Extension,2,-38.59,80.38,156.02
13:02.5,Extension,2,-71.75,83.63,185.61
13:02.6,Extension,2,-111.49,86.85,-411.57
13:02.7,Extension,2,-212.59,90.1,247.48
13:02.8,Extension,2,-247.62,93.36,-234.03
13:03.0,Extension,2,-272.76,96.67,244.79
13:03.1,Extension,2,-275.97,99.95,320.11
13:03.2,Extension,2,-283.11,103.14,131.81
13:03.3,Extension,2,-297.2,106.42,287.83
13:03.4,Extension,2,-327.97,109.67,317.42
13:03.6,Extension,2,-359.99,112.93,833.9
13:03.7,Extension,2,-386.99,116.21,360.46
13:03.8,Extension,2,-418.54,119.55,406.19
13:03.9,Extension,2,-428.04,122.86,355.08
13:04.0,Extension,2,-448.71,126.14,347.01
13:04.2,Extension,2,-467.53,129.45,373.91
13:04.3,Extension,2,-501.57,132.76,360.46
13:04.4,Extension,2,-539.1,136.13,365.84
13:04.5,Extension,2,-532.38,139.44,398.12
13:04.6,Extension,2,-520.58,142.78,-43.04
13:04.8,Extension,2,-510.29,146.09,347.01
13:04.9,Extension,2,-507.91,149.43,-295.9
13:05.0,Extension,2,-507.53,152.74,798.93
13:05.1,Extension,2,-496.75,156.02,182.92
13:05.2,Extension,2,-492.72,159.33,516.48
13:05.4,Extension,2,-484.75,162.67,303.97
13:05.5,Extension,2,-455.4,165.95,306.66
13:05.6,Extension,2,-455.04,169.32,250.17
13:05.7,Extension,2,-429.5,172.57,309.35
13:05.8,Extension,2,-387.34,175.86,707.47
13:06.0,Extension,2,-423.66,179.14,360.46
13:06.1,Extension,2,-479.91,179.78,104.91
13:06.2,Extension,2,-492.65,179.78,107.6
13:06.3,Extension,2,-486.5,179.78,99.53
13:06.4,Extension,2,-479.98,179.78,115.67
13:06.6,Extension,2,-478.79,179.81,110.29
13:06.7,Extension,2,-473.81,179.81,115.67
13:06.8,Extension,2,-468.81,179.81,115.67
13:06.9,Extension,2,-464.61,179.81,115.67
13:07.0,Extension,2,-459.84,179.78,96.84
13:07.2,Extension,2,-465.73,179.81,99.53
13:07.3,Extension,2,-466.2,179.81,110.29
13:07.4,Extension,2,-465.28,179.78,107.6
13:07.5,Extension,2,-459.64,179.81,104.91
13:07.6,Extension,2,-456.78,179.81,96.84
13:07.8,Flexion,3,-458.09,179.78,-505.72
13:07.9,Flexion,3,-455.48,176.65,-223.27
13:08.0,Flexion,3,-424.42,173.28,-78.01
13:08.1,Flexion,3,-296.18,170,-26.9
13:08.3,Flexion,3,-272.91,166.74,-34.97
13:08.4,Flexion,3,-264.61,163.49,-244.79
13:08.5,Flexion,3,-267.86,160.18,-37.66
13:08.6,Flexion,3,-282.54,156.87,-188.3
13:08.7,Flexion,3,-298.77,153.62,-13.45
13:08.8,Flexion,3,-306.06,150.31,-129.12
13:09.0,Flexion,3,-294.61,147,618.7
13:09.1,Flexion,3,-288.11,143.72,-32.28
13:09.2,Flexion,3,-269.11,140.38,-48.42
13:09.3,Flexion,3,-259.89,137.1,-32.28
13:09.4,Flexion,3,-247.29,133.79,150.64
13:09.6,Flexion,3,-233.71,130.47,-37.66
13:09.7,Flexion,3,-227.55,127.16,-53.8
13:09.8,Flexion,3,-217.36,123.85,-75.32
13:09.9,Flexion,3,-179.35,120.6,-69.94
13:10.0,Flexion,3,-159.42,117.26,-64.56
13:10.2,Flexion,3,-126.41,113.98,-667.12
13:10.3,Flexion,3,-112.85,110.7,-83.39
13:10.4,Flexion,3,-106.57,107.48,-102.22
13:10.5,Flexion,3,-83.43,104.22,-309.35
13:10.7,Flexion,3,-61.05,100.94,-131.81
13:10.8,Flexion,3,-38.54,97.69,-118.36
13:10.9,Flexion,3,-3.1,94.41,-134.5
13:11.0,Flexion,3,-6.16,91.19,-158.71
13:11.1,Flexion,3,-10.7,87.91,-129.12
13:11.2,Flexion,3,10.06,84.62,-954.95
13:11.4,Flexion,3,26.34,81.4,-158.71
13:11.5,Flexion,3,45.44,78.09,-174.85
13:11.6,Flexion,3,92.21,74.87,-798.93
13:11.7,Flexion,3,130.28,71.59,-285.14
13:11.9,Flexion,3,162.47,68.37,-285.14
13:12.0,Flexion,3,269.61,65.14,-333.56
13:12.1,Flexion,3,352.36,64.21,-115.67
13:12.2,Flexion,3,410.88,64.21,-118.36
13:12.3,Flexion,3,348.32,64.21,-115.67
13:12.5,Flexion,3,361.23,64.21,-115.67
13:12.6,Flexion,3,365.16,64.21,-115.67
13:12.7,Flexion,3,355.18,64.21,-115.67
13:12.8,Flexion,3,356.51,64.21,-118.36
13:12.9,Flexion,3,352.89,64.18,-115.67
13:13.1,Flexion,3,326.63,64.21,-115.67
13:13.2,Flexion,3,308.41,64.21,-115.67
13:13.3,Flexion,3,304.53,64.21,-115.67
13:13.4,Flexion,3,311.27,64.21,-115.67
13:13.5,Flexion,3,318.25,64.21,-115.67
13:13.7,Flexion,3,364.66,64.21,-115.67
13:13.8,Extension,3,389.68,64.21,158.71
13:13.9,Extension,3,389.96,67.25,-107.6
13:14.0,Extension,3,211.93,70.59,69.94
13:14.1,Extension,3,78.23,73.9,-492.27
13:14.3,Extension,3,75.92,77.18,-75.32
13:14.4,Extension,3,45.05,80.46,94.15
13:14.5,Extension,3,21.08,83.75,102.22
13:14.6,Extension,3,9.51,86.97,5.38
13:14.7,Extension,3,-42.21,90.25,169.47
13:14.9,Extension,3,-57.58,93.47,164.09
13:15.0,Extension,3,-69.75,96.75,642.91
13:15.1,Extension,3,-81.95,99.98,199.06
13:15.2,Extension,3,-113.32,103.2,667.12
13:15.3,Extension,3,-153.56,106.48,225.96
13:15.5,Extension,3,-181.03,109.79,-67.25
13:15.6,Extension,3,-191.34,113.1,-10.76
13:15.7,Extension,3,-102.39,116.38,196.37
13:15.8,Extension,3,-116.28,119.72,199.06
13:15.9,Extension,3,-139.6,123.06,209.82
13:16.1,Extension,3,-160.47,126.4,166.78
13:16.2,Extension,3,-131.34,129.71,188.3
13:16.3,Extension,3,-120.01,133.02,21.52
13:16.4,Extension,3,-122.88,136.33,220.58
13:16.6,Extension,3,-141.95,139.64,115.67
13:16.7,Extension,3,-162.01,142.98,196.37
13:16.8,Extension,3,-171.59,146.27,204.44
13:16.9,Extension,3,-184.93,149.58,201.75
13:17.0,Extension,3,-198.65,152.89,177.54
13:17.1,Extension,3,-178.57,156.17,505.72
13:17.3,Extension,3,-165.32,159.51,102.22
13:17.4,Extension,3,-157.34,162.82,67.25
13:17.5,Extension,3,-169.04,166.01,215.2
13:17.6,Extension,3,-195.42,169.29,-260.93
13:17.7,Extension,3,-272,172.57,328.18
13:17.9,Extension,3,-311.11,175.86,-196.37
13:18.0,Extension,3,-348.72,179.08,279.76
13:18.1,Extension,3,-437.75,179.81,86.08
13:18.2,Extension,3,-472.25,179.81,94.15
13:18.3,Extension,3,-479.67,179.81,96.84
13:18.5,Extension,3,-474.35,179.81,96.84
13:18.6,Extension,3,-473.61,179.81,94.15
13:18.7,Extension,3,-471.28,179.81,99.53
13:18.8,Extension,3,-458.58,179.81,96.84
13:19.0,Extension,3,-456.33,179.81,96.84
13:19.1,Extension,3,-453.66,179.81,96.84
13:19.2,Extension,3,-452.24,179.81,96.84
13:19.3,Extension,3,-448.23,179.81,91.46
13:19.4,Extension,3,-443.65,179.81,96.84
13:19.5,Extension,3,-442.14,179.84,102.22
13:19.7,Extension,3,-432.78,179.81,96.84
13:19.8,Flexion,4,-452.41,179.81,-995.3
13:19.9,Flexion,4,-458.86,176.68,118.36
13:20.0,Flexion,4,-429.03,173.28,-8.07
13:20.2,Flexion,4,-310.04,170.03,110.29
13:20.3,Flexion,4,-299.67,166.74,-2.69
13:20.4,Flexion,4,-337.25,163.46,123.74
13:20.5,Flexion,4,-389.71,160.15,-16.14
13:20.6,Flexion,4,-372.13,156.9,-13.45
13:20.8,Flexion,4,-342.83,153.59,-10.76
13:20.9,Flexion,4,-352.12,150.28,-5.38
13:21.0,Flexion,4,-354.72,147.03,-2.69
13:21.1,Flexion,4,-356.18,143.72,659.05
13:21.2,Flexion,4,-342.53,140.41,131.81
13:21.4,Flexion,4,-335.16,137.13,-8.07
13:21.5,Flexion,4,-336.16,133.81,13.45
13:21.6,Flexion,4,-310.28,130.5,-18.83
13:21.7,Flexion,4,-294.14,127.19,-32.28
13:21.8,Flexion,4,-265.18,123.88,-107.6
13:22.0,Flexion,4,-252.75,120.63,-56.49
13:22.1,Flexion,4,-251.2,117.29,473.44
13:22.2,Flexion,4,-225.75,114.01,-126.43
13:22.3,Flexion,4,-212.84,110.7,478.82
13:22.4,Flexion,4,-206.31,107.51,-80.7
13:22.6,Flexion,4,-153.89,104.22,-252.86
13:22.7,Flexion,4,-112.83,100.97,-121.05
13:22.8,Flexion,4,-79.69,97.72,-320.11
13:22.9,Flexion,4,-15.53,94.53,-185.61
13:23.0,Flexion,4,18.97,91.3,-196.37
13:23.2,Flexion,4,69.27,88.14,-680.57
13:23.3,Flexion,4,170.2,84.86,-236.72
13:23.4,Flexion,4,213.27,81.64,-271.69
13:23.5,Flexion,4,242.45,78.36,-86.08
13:23.6,Flexion,4,315.59,75.1,-494.96
13:23.8,Flexion,4,355.41,71.85,-349.7
13:23.9,Flexion,4,416.73,68.6,-392.74
13:24.0,Flexion,4,519.66,65.32,220.58
13:24.1,Flexion,4,557.84,64.35,-199.06
13:24.2,Flexion,4,583.09,64.35,-199.06
13:24.3,Flexion,4,436.02,64.35,-199.06
13:24.5,Flexion,4,393.87,64.35,-201.75
13:24.6,Flexion,4,349.89,64.35,-199.06
13:24.7,Flexion,4,345.46,64.35,-199.06
13:24.8,Flexion,4,354.44,64.35,-199.06
13:25.0,Flexion,4,377.64,64.35,-199.06
13:25.1,Flexion,4,395.69,64.35,-199.06
13:25.2,Flexion,4,443.8,64.35,-199.06
13:25.3,Flexion,4,502.05,64.35,-199.06
13:25.4,Flexion,4,480.35,64.35,-199.06
13:25.6,Flexion,4,446.23,64.35,-199.06
13:25.7,Flexion,4,398.58,64.35,-199.06
13:25.8,Extension,4,392.8,64.35,381.98
13:25.9,Extension,4,399.2,67.22,-535.31
13:26.0,Extension,4,237.3,70.45,129.12
13:26.2,Extension,4,40.97,73.7,-438.47
13:26.3,Extension,4,-98.95,77.04,147.95
13:26.4,Extension,4,-164.95,80.41,164.09
13:26.5,Extension,4,-114.53,83.69,-48.42
13:26.6,Extension,4,-81.76,86.94,-306.66
13:26.8,Extension,4,-114.91,90.28,150.64
13:26.9,Extension,4,-101.82,93.59,121.05
13:27.0,Extension,4,-3.03,96.9,691.33
13:27.1,Extension,4,40.52,100.18,-48.42
13:27.2,Extension,4,64.76,103.37,-18.83
13:27.4,Extension,4,-18.84,106.6,161.4
13:27.5,Extension,4,-53.74,109.85,796.24
13:27.6,Extension,4,-95.82,113.1,306.66
13:27.7,Extension,4,-174.18,116.35,250.17
13:27.8,Extension,4,-203.21,119.69,239.41
13:28.0,Extension,4,-231.8,122.95,266.31
13:28.1,Extension,4,-273.4,126.26,247.48
13:28.2,Extension,4,-285.25,129.63,325.49
13:28.3,Extension,4,-287.11,132.96,718.23
13:28.4,Extension,4,-279.91,136.28,225.96
13:28.6,Extension,4,-277.83,139.59,274.38
13:28.7,Extension,4,-281.48,142.93,250.17
13:28.8,Extension,4,-269.16,146.27,231.34
13:28.9,Extension,4,-260.59,149.61,-96.84
13:29.0,Extension,4,-241.54,152.92,207.13
13:29.2,Extension,4,-215.37,156.23,-320.11
13:29.3,Extension,4,-189.28,159.6,212.51
13:29.4,Extension,4,-144.39,162.88,-86.08
13:29.5,Extension,4,-151.95,166.13,642.91
13:29.7,Extension,4,-179.38,169.38,228.65
13:29.8,Extension,4,-261.81,172.6,102.22
13:29.9,Extension,4,-302.53,175.88,352.39
13:30.0,Extension,4,-347.11,179.14,336.25
13:30.1,Extension,4,-453.55,179.81,99.53
13:30.3,Extension,4,-485.02,179.81,99.53
13:30.4,Extension,4,-486.7,179.81,96.84
13:30.5,Extension,4,-474.11,179.81,96.84
13:30.6,Extension,4,-473.53,179.81,96.84
13:30.7,Extension,4,-473.59,179.81,96.84
13:30.9,Extension,4,-464.19,179.81,99.53
13:31.0,Extension,4,-458.33,179.81,96.84
13:31.1,Extension,4,-454.82,179.81,104.91
13:31.2,Extension,4,-460.53,179.81,99.53
13:31.3,Extension,4,-456.98,179.81,99.53
13:31.5,Extension,4,-460.66,179.81,99.53
13:31.6,Extension,4,-473.89,179.81,99.53
13:31.7,Extension,4,-471.08,179.81,99.53
13:31.8,Flexion,5,-437.42,179.81,-373.91
13:31.9,Flexion,5,-436.47,176.65,446.54
13:32.1,Flexion,5,-417.29,173.28,-5.38
13:32.2,Flexion,5,-289.77,170.08,-48.42
13:32.3,Flexion,5,-242.57,166.83,-61.87
13:32.4,Flexion,5,-199.68,163.58,-185.61
13:32.5,Flexion,5,-118.86,160.3,-677.88
13:32.7,Flexion,5,-84.89,157.02,185.61
13:32.8,Flexion,5,-63.7,153.77,-126.43
13:32.9,Flexion,5,-41.66,150.48,-172.16
13:33.0,Flexion,5,-47.34,147.17,-137.19
13:33.1,Flexion,5,-46.39,143.86,-196.37
13:33.3,Flexion,5,-58.33,140.55,-99.53
13:33.4,Flexion,5,-67.01,137.24,-96.84
13:33.5,Flexion,5,-79.42,133.93,-102.22
13:33.6,Flexion,5,-93.19,130.59,-150.64
13:33.8,Flexion,5,-114.87,127.22,-37.66
13:33.9,Flexion,5,-166.16,123.88,-64.56
13:34.0,Flexion,5,-182.9,120.6,-88.77
13:34.1,Flexion,5,-192.18,117.29,-250.17
13:34.2,Flexion,5,-202.09,113.98,24.21
13:34.3,Flexion,5,-202.26,110.73,-72.63
13:34.5,Flexion,5,-199.89,107.54,-575.66
13:34.6,Flexion,5,-98.99,104.25,-102.22
13:34.7,Flexion,5,-58,100.94,-88.77
13:34.8,Flexion,5,-56.19,97.72,-317.42
13:34.9,Flexion,5,-61.68,94.44,-104.91
13:35.1,Flexion,5,-45.51,91.22,-314.73
13:35.2,Flexion,5,-24.43,87.99,-147.95
13:35.3,Flexion,5,33.23,84.71,-309.35
13:35.4,Flexion,5,65.35,81.49,-169.47
13:35.5,Flexion,5,88.55,78.21,118.36
13:35.7,Flexion,5,140.5,74.96,-204.44
13:35.8,Flexion,5,173.3,71.71,320.11
13:35.9,Flexion,5,214.5,68.48,-320.11
13:36.0,Flexion,5,366.37,65.23,158.71
13:36.1,Flexion,5,430.85,64.26,-147.95
13:36.3,Flexion,5,444.85,64.26,-153.33
13:36.4,Flexion,5,398.95,64.26,-153.33
13:36.5,Flexion,5,389.29,64.26,-161.4
13:36.6,Flexion,5,352.19,64.26,-150.64
13:36.7,Flexion,5,346.83,64.26,-150.64
13:36.9,Flexion,5,346.66,64.26,-153.33
13:37.0,Flexion,5,336.56,64.26,-153.33
13:37.1,Flexion,5,343.69,64.26,-150.64
13:37.2,Flexion,5,339.61,64.26,-153.33
13:37.3,Flexion,5,330.05,64.26,-158.71
13:37.5,Flexion,5,340.7,64.29,-150.64
13:37.6,Flexion,5,334.27,64.26,-150.64
13:37.7,Flexion,5,339.82,64.26,-158.71
13:37.8,Extension,5,330.57,64.26,777.41
13:37.9,Extension,5,306.34,67.19,-524.55
13:38.1,Extension,5,117.68,70.42,209.82
13:38.2,Extension,5,-44.89,73.7,102.22
13:38.3,Extension,5,-170.88,77.04,177.54
13:38.4,Extension,5,-178.15,80.29,376.6
13:38.6,Extension,5,-203.2,83.63,99.53
13:38.7,Extension,5,-245.24,86.82,242.1
13:38.8,Extension,5,-254.4,90.1,242.1
13:38.9,Extension,5,-277.24,93.33,322.8
13:39.0,Extension,5,-332.12,96.64,164.09
13:39.2,Extension,5,-341.85,99.92,145.26
13:39.3,Extension,5,-347.18,103.11,129.12
13:39.4,Extension,5,-343.77,106.48,285.14
13:39.5,Extension,5,-319.11,109.76,333.56
13:39.6,Extension,5,-298.26,113.07,263.62
13:39.7,Extension,5,-277.77,116.38,274.38
13:39.9,Extension,5,-276.65,119.72,239.41
13:40.0,Extension,5,-275.58,123.03,271.69
13:40.1,Extension,5,-281.12,126.34,290.52
13:40.2,Extension,5,-282.91,129.65,129.12
13:40.4,Extension,5,-292.89,132.99,465.37
13:40.5,Extension,5,-298.6,136.33,258.24
13:40.6,Extension,5,-296.29,139.64,403.5
13:40.7,Extension,5,-274.81,143.01,223.27
13:40.8,Extension,5,-265.41,146.32,225.96
13:41.0,Extension,5,-250.58,149.69,217.89
13:41.1,Extension,5,-167.61,153.03,769.34
13:41.2,Extension,5,-114.46,156.29,-451.92
13:41.3,Extension,5,-105.76,159.63,169.47
13:41.4,Extension,5,-133.77,162.94,201.75
13:41.6,Extension,5,-148.64,166.16,220.58
13:41.7,Extension,5,-185.95,169.41,193.68
13:41.8,Extension,5,-265.26,172.66,274.38
13:41.9,Extension,5,-313.41,175.94,640.22
13:42.0,Extension,5,-346.74,179.17,336.25
13:42.2,Extension,5,-452.7,179.81,99.53
13:42.3,Extension,5,-485.41,179.81,99.53
13:42.4,Extension,5,-485.44,179.81,96.84
13:42.5,Extension,5,-472.28,179.81,99.53
13:42.6,Extension,5,-470.99,179.81,99.53
13:42.8,Extension,5,-465.76,179.81,96.84
13:42.9,Extension,5,-459.33,179.81,96.84
13:43.0,Extension,5,-460.44,179.81,96.84
13:43.1,Extension,5,-455.17,179.81,99.53
13:43.2,Extension,5,-461.09,179.81,99.53
13:43.4,Extension,5,-455.01,179.81,99.53
13:43.5,Extension,5,-452.78,179.81,96.84
13:43.6,Extension,5,-455,179.81,99.53
13:43.7,Extension,5,-466.86,179.81,99.53
13:43.8,Extension,5,-457.6,179.81,96.84
13:44.0,Extension,5,-447.27,179.81,99.53
13:44.1,Extension,5,-442.25,179.81,99.53
13:44.2,Extension,5,-444.63,179.81,96.84
13:44.3,Extension,5,-447.35,179.81,96.84
13:44.4,Extension,5,-447.5,179.81,99.53
13:44.6,Extension,5,-446.52,179.81,99.53
13:44.7,Extension,5,-447.16,179.81,99.53
13:44.8,Extension,5,-444.54,179.78,99.53
13:44.9,Extension,5,-446.71,179.78,96.84
13:45.0,Extension,5,-446.12,179.81,94.15
13:45.2,Extension,5,-442.72,179.81,99.53
13:45.3,Extension,5,-440.83,179.81,96.84
13:45.4,Extension,5,-440.72,179.81,99.53
13:45.5,Extension,5,-437.49,179.81,99.53
13:45.6,Extension,5,-434.21,179.81,99.53
13:45.8,Extension,5,-435.68,179.81,99.53
13:45.9,Extension,5,-434.37,179.81,99.53
13:46.0,Extension,5,-430.89,179.81,99.53
13:46.1,Extension,5,-427.75,179.81,99.53
13:46.2,Extension,5,-427.53,179.81,96.84
13:46.4,Extension,5,-429.47,179.81,99.53
13:46.5,Extension,5,-429.05,179.78,99.53
13:46.6,Extension,5,-424.52,179.81,99.53
13:46.7,Extension,5,-425.37,179.81,99.53
13:46.9,Extension,5,-428.24,179.81,99.53
13:47.0,Extension,5,-427.37,179.81,96.84
13:47.1,Extension,5,-428.41,179.81,96.84
13:47.2,Extension,5,-428.47,179.81,96.84
13:47.3,Extension,5,-430.17,179.81,96.84
13:47.4,Extension,5,-432.11,179.81,99.53
